year,pessimistic,base,optimistic
2025,52.69999999999982,54.69999999999982,57.69999999999982
2026,55.2863636363636,57.2863636363636,60.2863636363636
2027,57.87272727272648,59.87272727272648,62.87272727272648
