year,pessimistic,base,optimistic
2025,91569996.99998474,91569999.99998474,91570004.99998474
2026,152889996.99996948,152889999.99996948,152890004.99996948
2027,214209996.99995422,214209999.99995422,214210004.99995422
